date,time,tip,bs,sp,target,stoploss,symbol,open,close,high,low,profit,sector
2022-12-05,08:33:22,"

TECHM ABOVE 1122
TARGETS 1128-1132, 1138-1142, 1148-1152,
1158-1162 SL 1106

",BUY,1122,"1128,1132,1138,1142,1148,1152,1158,1162",1106,TECHM.NS,1120,1099.75,1120,1096.25,0,Technology
2022-12-05,08:31:16,"

COFORGE ABOVE 4255
TARGETS 4270-4275, 4288-4292, 4300-4305,
4320-4325 SL 4225

",BUY,4255,"4270,4275,4288,4292,4300,4305,4320,4325",4225,COFORGE.NS,4265,4191.7998046875,4265,4176.10009765625,-0.705052878965923,Technology
2022-12-02,09:20:06,"

BANKBARODA ABOVE
173.50 TARGETS 175, 178, 182, 185, 189 SL
169

",BUY,173.5,175178182185189,169,BANKBARODA.NS,171.800003051758,171.199996948242,174.25,170.600006103516,-1.18155795490364,Financial Services
2022-12-02,09:14:30,"

ULTRATECH CEM ABOVE
7290 TARGETS 7300-7305, 7320-7325,
7345-7350, 7370-7375 SL 7260

",BUY,7290,"7300,7305,7320,7325,7345,7350,7370,7375",7260,ULTRACEMCO.NS,7275,7237.0498046875,7299,7159,-0.411522633744856,Basic Materials
2022-12-02,08:33:34,"

PEL ABOVE 865 TARGETS
875-880, 888-892, 898-902 SL 850

",BUY,865,8.75880888892899E+017,850,PEL.NS,868.849975585938,859.700012207031,869.5,853,-0.62428027908237,Healthcare
2022-12-02,08:32:24,"

OBEROI! REALITY ABOVE
962 TARGETS 968-972, 978-982, 988-992 SL
945

",BUY,962,9.68972978982989E+017,945,OBEROIRLTY.NS,965,954.25,976.900024414062,948.700012207031,0.623700623700624,Real Estate
2022-12-02,08:31:28,"

MUTHOOTFIN ABOVE 1115
TARGETS 1122, 1130, 1138, 1146 SL
1098

",BUY,1115,"1122,1130,1138,1146",1098,MUTHOOTFIN.NS,1113.30004882813,1135.75,1138.34997558594,1105.59997558594,0.62780269058296,Financial Services
2022-12-02,08:29:46,"

DIXON TECH ABOVE 4392
TARGETS 4400-4405, 4415-4420, 4435-4440,
4448-4452 SL 4372

",BUY,4392,"4400,4405,4415,4420,4435,4440,4448,4452",4372,DIXON.NS,4389,4375.14990234375,4414.89990234375,4360,0.182149362477231,Technology
2022-12-02,08:28:29,"

CUMMINS ABOVE 1442
TARGETS 1448-1452, 1458-1462, 1468-1472,
1478-1482 SL 1422

",BUY,1442,"1448,1452,1458,1462,1468,1472,1478,1482",1422,CUMMINSIND.NS,1426.69995117188,1442.09997558594,1444.5,1426.69995117188,0,Industrials
2022-12-02,08:26:47,"

ASTRAL ABOVE 1932
TARGETS 1938-1942, 1948-1952, 1958-1962,
1968-1972 SL1915

",BUY,1932,"1938,1942,1948,1952,1958,1962,1968,1972",1915,ASTRAL.NS,1452.75,1513.76245117188,1518.75,1447.5,0.31055900621118,Industrials
2022-11-30,10:41:21,"

M&M ABOVE 1282
TARGETS 1288-1292, 1298-1302, 1308-1312,
1318-1322 SL 1268

",BUY,1282,"1288,1292,1298,1302,1308,1312,1318,1322",1268,M&M.NS,1262.09997558594,1305.59997558594,1316,1257.65002441406,0.46801872074883,Consumer Cyclical
2022-11-30,08:35:31,"

SUNPHARMA ABOVE 1052
TARGETS 1058-1062, 1068-1072, 1078-1082,
1088-1092 SL 1040

",BUY,1052,"1058,1062,1068,1072,1078,1082,1088,1092",1040,SUNPHARMA.NS,1053,1046.05004882813,1058.30004882813,1039.34997558594,0.570342205323194,Healthcare
2022-11-30,08:33:52,"

ICICIPRU ABOVE 473
TARGETS 478-482, 488-492, 498-502 SL
462

",BUY,473,4.78482488492499E+017,462,ICICIPRULI.NS,473.5,476.200012207031,478.950012207031,470.549987792969,1.05708245243129,Financial Services
2022-11-30,08:32:19,"

HINDUNILVR ABOVE 2642
TARGETS 2648-2652, 2658-2662, 2670-2675,
2685-2690 SL 2622

",BUY,2642,"2648,2652,2658,2662,2670,2675,2685,2690",2622,HINDUNILVR.NS,2634,2684.35009765625,2698,2623,0.227100681302044,Consumer Defensive
2022-11-30,08:30:24,"

DEEPAK NITRITE ABOVE
2175 TARGETS 2185-2190, 2198-2202,
2208-2211, 2218-2222 SL2155

",BUY,2175,"2185,2190,2198,2202,2208,2211,2218,2222",2155,DEEPAKNTR.NS,2173.94995117187,2175.55004882812,2185.10009765625,2162.44995117187,0.00460219109195402,Basic Materials
2022-11-30,08:28:56,"

HEROMOTO ABOVE 2840
TARGETS 2848-2852, 2858-2862, 2870-2875,
2885-2890 SL 2820

",BUY,2840,"2848,2852,2858,2862,2870,2875,2885,2890",2820,HEROMOTOCO.NS,2831.94995117187,2851.89990234375,2861,2820.10009765625,0.28169014084507,Consumer Cyclical
2022-11-29,08:42:13,"

INFY BELOW 1620
TARGETS 1612, 1602, 1592, 1582 SL
1635,

",SELL,1620,"1612,1602,1592,1582",1635,INFY.NS,1621.19995117188,1629.05004882813,1638.75,1615.05004882813,-0.925925925925926,Technology
2022-11-29,08:41:08,"

MUTHOOT FIN ABOVE 1102
TARGETS 1108-1112, 1118-1122, 1128-1132,
1138-1142 SL 1082

",BUY,1102,"1108,1112,1118,1122,1128,1132,1138,1142",1082,MUTHOOTFIN.NS,1094,1087.05004882813,1099.05004882813,1085.05004882813,0,Financial Services
2022-11-29,08:39:40,"

INDIAN HOTELS ABOVE
328 TARGETS 332, 337, 342, 346 SL
320

",BUY,328,332337342346,320,INDHOTEL.NS,325.5,316.200012207031,326.25,315.049987792969,0,Consumer Cyclical
2022-11-29,08:38:33,"

MCX ABOVE 1582
TARGETS 1588-1592, 1598-1602, 1608-1612,
1618-1622 SL 1562

",BUY,1582,"1588,1592,1598,1602,1608,1612,1618,1622",1562,MCX.NS,1580,1567.59997558594,1589.19995117188,1556.5,0.379266750948167,Financial Services
2022-11-29,08:37:32,"

BHARAT FORGE ABOVE 863
TARGETS 868-872, 878-882, 888-892,
898-902 SL 848

",BUY,863,8.68872878882889E+023,848,BHARATFORG.NS,861.799987792969,848.75,866.150024414062,846,-1.65121668597914,Consumer Cyclical
2022-11-28,08:36:25,"

CANFIN HOMES ABOVE 552
TARGETS 558-562, 568-572, 578-582 SL
535

",BUY,552,5.58562568572579E+017,535,CANFINHOME.NS,546,545.950012207031,554,543,-0.905797101449275,Financial Services
2022-11-28,08:35:13,"

ABCAPITAL ABOVE 136
TARGETS 138, 140, 143, 146 SL 132

",BUY,136,138140143146,132,ABCAPITAL.NS,136.399993896484,137.050003051758,138.300003051758,135,1.47058823529412,Financial Services
2022-11-28,08:34:09,"

ESCORTS ABOVE 2302
TARGETS 2310-2315, 2325-2330, 2338-2342,
2348-2352 SL 2282

",BUY,2302,"2310,2315,2325,2330,2338,2342,2348,2352",2282,ESCORTS.NS,2284.55004882812,2268.75,2303.89990234375,2260.30004882812,-0.868809730668984,Industrials
2022-11-28,08:32:44,"

JKCEM ABOVE 3025
TARGETS 3035-3040, 3048-3052, 3058-3062,
3070-3075 SL 3005

",BUY,3025,"3035,3040,3048,3052,3058,3062,3070,3075",3005,JKCEMENT.NS,3039,3014.69995117187,3055,3003.25,0.330578512396694,Basic Materials
2022-11-28,08:31:24,"

ACC ABOVE 2512
TARGETS 2520-2525, 2535-25 40, 2548-2552,
2558-2562 SL 2492

",BUY,2512,"2520,2525,2535,2540,2548,2552,2558,2562",2492,ACC.NS,2515,2527.10009765625,2543,2500.19995117187,0.318471337579618,Basic Materials
2022-11-28,08:30:09,"

BHEL ABOVE 83 TARGETS
85, 87, 89,92 SL79

",BUY,83,"85,87,89,92",79,BHEL.NS,83,81.4000015258789,84.8499984741211,81.1500015258789,-2.16867837561182,Industrials
2022-11-25,09:14:55,"

ADANI ENT ABOVE 3938
TARGETS 3948-3952, 3960-3965, 3980-3985,
3995-4000 SL 3910

",BUY,3938,"3948,3952,3960,3965,3980,3985,3995,4000",3910,ADANIENT.NS,3929,3901.10009765625,3949.89990234375,3845.30004882812,0.253936008125952,Energy
2022-11-25,08:34:23,"

MUTHOOT FIN ABOVE 1080
TARGETS 1088-1092, 1098-1102, 1108-1112,
1118-1122 SL 1064

",BUY,1080,"1088,1092,1098,1102,1108,1112,1118,1122",1064,MUTHOOTFIN.NS,1070,1078,1083.90002441406,1064.59997558594,-0.342588071469907,Financial Services
2022-11-25,08:33:01,"

PVRABOVE 1825
TARGETS 1835-1840, 1848-1852, 1858-1862,
1868-1872 SL 1805

",BUY,1825,"1835,1840,1848,1852,1858,1862,1868,1872",1805,PVR.NS,1835,1866,1875,1828.30004882812,0,Communication Services
2022-11-25,08:31:51,"

PFC ABOVE 130 TARGETS
132, 135, 138, 140, 143 SL126

",BUY,130,132135138140143,126,PFC.NS,129.899993896484,136.5,136.949996948242,128.050003051758,1.53846153846154,Financial Services
2022-11-25,08:30:51,"

ICICIGI ABOVE 1172
TARGETS 1178-1182, 1188-1192, 1198-1202,
1208-1212 SL 1156

",BUY,1172,"1178,1182,1188,1192,1198,1202,1208,1212",1156,ICICIGI.NS,1175,1159.34997558594,1175,1155,-1.39931948925448,Financial Services
2022-11-25,08:29:37,"

INFY ABOVE 1632
TARGETS 1638-1642, 1648-1652, 1658-1662,
1668-1672 SL 1612

",BUY,1632,"1638,1642,1648,1652,1658,1662,1668,1672",1612,INFY.NS,1631.40002441406,1635.65002441406,1644,1613.80004882813,0.367647058823529,Technology
2022-11-25,08:28:30,"

PERSISTENT SYSTEM
ABOVE 3905 TARGETS 3915-3920, 3935-3940,
3948-3952, 3960-3965 SL 3885

",BUY,3905,"3915,3920,3935,3940,3948,3952,3960,3965",3885,PERSISTENT.NS,3888.30004882813,3970.80004882813,3979,3878.25,0.256081946222791,Technology
2022-11-25,08:26:50,"

BSOFT ABOVE 293
TARGETS 298-302, 308-312 SL 283

",BUY,293,298302308312,283,BSOFT.NS,294.600006103516,293.899993896484,296.25,291,0.170648464163823,Technology
2022-11-24,08:36:04,"

MPHASIS BELOW 1898
TARGETS 1892, 1882, 1872, 1862 SL
1914

",SELL,1898,"1892,1882,1872,1862",1914,MPHASIS.NS,1909.15002441406,1941.25,1948.19995117188,1901.05004882813,0,Technology
2022-11-24,08:34:53,"

DR. REDDY ABOVE 4422
TARGETS 4430-4435, 4450-4455, 4470-4475,
4485-4490 SL 4392

",BUY,4422,"4430,4435,4450,4455,4470,4475,4485,4490",4392,DRREDDY.NS,4427.7001953125,4413.85009765625,4439.9501953125,4375.85009765625,0.180913613749435,Healthcare
2022-11-24,08:32:55,"

APOLLO HOSPITAL ABOVE
4612 TARGETS 4620-4625, 4635-4640,
4650-4655, 4670-4675 SL 4592

",BUY,4612,"4620,4625,4635,4640,4650,4655,4670,4675",4592,APOLLOHOSP.NS,4630,4815.0498046875,4833,4614,0,Healthcare
2022-11-24,08:31:04,"

SYNGENEINTL ABOVE 619.
TARGETS 624, 630, 636, 642 SL 612

",BUY,619,624630636642,612,SYNGENE.NS,622.450012207031,609.75,626.650024414063,606.349975585938,0.807754442649435,Healthcare
2022-11-24,08:30:04,"

INDIGO ABOVE 1902
TARGETS 1908-1912, 1918-1922, 1930-1935,
1945-1950 SL 1882

",BUY,1902,"1908,1912,1918,1922,1930,1935,1945,1950",1882,INDIGO.NS,1910,1897.30004882813,1968,1888,0.315457413249211,Industrials
2022-11-23,08:38:52,"

APOLLO HOSPITAL ABOVE
4480 TARGETS 4488-4492, 4500-4505,
4520-4525, 4535-4540 SL 4460

",BUY,4480,"4488,4492,4500,4505,4520,4525,4535,4540",4460,APOLLOHOSP.NS,4482.2998046875,4605.2001953125,4616.14990234375,4448,0.178571428571429,Healthcare
2022-11-23,08:37:20,"

TRENT ABOVE 1415
TARGETS 1425-1430, 1438-1442, 1448-1452,
1458-1462 SL 1396

",BUY,1415,"1425,1430,1438,1442,1448,1452,1458,1462",1396,TRENT.NS,1408.15002441406,1410.30004882813,1421.94995117188,1400,-0.537100748122792,Consumer Cyclical
2022-11-23,08:35:46,"

TITAN ABOVE 2612
TARGETS 2620-2625, 2635-2640, 2648-2652,
2658-2662 SL 2592

",BUY,2612,"2620,2625,2635,2640,2648,2652,2658,2662",2592,TITAN.NS,2614.94995117187,2601.75,2632.5,2590.80004882812,0.306278713629403,Consumer Cyclical
2022-11-23,08:34:19,"

COFORGE ABOVE 3820
TARGETS 3828-3832, 3838-3842, 3850-3855,
3870-3875 SL 3798

",BUY,3820,"3828,3832,3838,3842,3850,3855,3870,3875",3798,COFORGE.NS,3827,3874.35009765625,3889,3821,0,Technology
2022-11-23,08:32:46,"

JSW STEEL ABOVE 710
TARGETS 715, 721, 728, 735 SL 700

",BUY,710,715721728735,700,JSWSTEEL.NS,710.099975585938,720.549987792969,722,708,0.704225352112676,Basic Materials
2022-11-23,08:31:41,"

SRF ABOVE 2292
TARGETS 2298-2302, 23 10-2315, 2325-2330,
2338-2342 SL2272

",BUY,2292,"2298,2302,2310,2315,2325,2330,2338,2342",2272,SRF.NS,2305.39990234375,2280.75,2305.39990234375,2270.5,0.261780104712042,Basic Materials
2022-11-23,08:30:32,"

BANKBARODA ABOVE 169
TARGETS 172, 175, 178, 182 SL 163

",BUY,169,172175178182,163,BANKBARODA.NS,167.850006103516,168.850006103516,170.350006103516,166.300003051758,-0.384611773067677,Financial Services
2022-11-22,11:48:05,"

ADANI ENT ABOVE 4056
TARGETS 4065 -4070, 4078-4082, 4088-4092,
4100-4105 SL 4032

",BUY,4056,"4065,4070,4078,4082,4088,4092,4100,4105",4032,ADANIENT.NS,4001.85009765625,4034,4056,3988,-0.591715976331361,Energy
2022-11-22,11:26:14,"

BDL ABOVE 953 TARGETS
958-962, 968-972, 978-982 SL 937

",BUY,953,9.58962968972979E+017,937,BDL.NS,936.900024414062,966.299987792969,970,928.200012207031,0.524658971668415,Industrials
2022-11-22,08:36:55,"

LTI BELOW 4760
TARGETS 4746, 4730, 4715, 4700 SL
4785

",SELL,4760,"4746,4730,4715,4700",4785,LTIM.NS,4755,4756.14990234375,4799,4725,0,Technology
2022-11-22,08:35:31,"

CANBK ABOVE 315
TARGETS 319, 323, 328, 332 SL 309

",BUY,315,319323328332,309,CANBK.NS,314.850006103516,318.700012207031,320,312.450012207031,1.26984126984127,Financial Services
2022-11-22,08:34:36,"

TORRENT POWER ABOVE
529 TARGETS 534, 540, 546, 552 SL
520

",BUY,529,534540546552,520,TORNTPOWER.NS,529,530.049987792969,540,523.650024414063,0.945179584120983,Utilities
2022-11-22,08:33:37,"

AIRTEL ABOVE 852
TARGETS 858-862, 868-872, 878-882,
888-892 SL 838

",BUY,852,8.58862868872879E+023,838,BHARTIARTL.NS,853.400024414063,847.599975585938,860.549987792969,845.099975585937,0.704225352112676,Communication Services
2022-11-22,08:32:32,"

INDUSINDBK ABOVE 1142
TARGETS 1148-1152, 1158-1162, 1168-1172,
1178-1182 SL 1122

",BUY,1142,"1148,1152,1158,1162,1168,1172,1178,1182",1122,INDUSINDBK.NS,1143,1169.40002441406,1173.25,1138.5,0.525394045534151,Financial Services
2022-11-22,08:31:33,"

AXIS BANK ABOVE 872
TARGETS 878-882, 888-892, 898-902 SL
860

",BUY,872,8.78882888892899E+017,860,AXISBANK.NS,874.950012207031,870.049987792969,877,868.349975585937,-0.223625253099914,Financial Services
2022-11-21,09:11:00,"

CHOLAFIN ABOVE 716
TARGETS 722, 728, 735, 742 SL 708

",BUY,716,722728735742,708,CHOLAFIN.NS,713.799987792969,714,715.849975585938,706.349975585938,0,Financial Services
2022-11-21,08:38:51,"

ICICIGI ABOVE 1142
TARGETS 1148-1152, 1158-1162, 1168-1172,
1178-1182 SL 1122

",BUY,1142,"1148,1152,1158,1162,1168,1172,1178,1182",1122,ICICIGI.NS,1136.69995117188,1127.75,1139.25,1121,0,Financial Services
2022-11-21,08:37:22,"

HCL TECH ABOVE 1106.
TARGETS 1113, 1121, 1128, 1138 SL
1092

",BUY,1106,"1113,1121,1128,1138",1092,HCLTECH.NS,1098.90002441406,1095.5,1106.34997558594,1092.59997558594,-0.949367088607595,Technology
2022-11-21,08:36:10,"

PIIND BELOW 3290
TARGETS 3280, 3265, 3252, 3240 SL
3320

",SELL,3290,"3280,3265,3252,3240",3320,PIIND.NS,3309.94995117187,3326.44995117187,3350,3288.05004882812,0,Basic Materials
2022-11-21,08:35:00,"

MARUTI BELOW 8836
TARGETS 8820, 8800, 8780, 8760 SL
8870

",SELL,8836,"8820,8800,8780,8760",8870,JAYBARMARU.NS,172.949996948242,171,172.949996948242,169.300003051758,0,Consumer Cyclical
2022-11-21,08:33:13,"

ASIAN PAINT ABOVE 3102
TARGETS 3108-3112, 3118-3122, 3130-3135,
3145-3150 SL 3082

",BUY,3102,"3108,3112,3118,3122,3130,3135,3145,3150",3082,ASIANPAINT.NS,3105,3095.30004882812,3110.35009765625,3066.19995117188,0.193423597678917,Basic Materials
2022-11-17,08:36:26,"

TCS ABOVE 3365
TARGETS 3375-3380, 3390-3395, 3405-3410,
3420-3425 SL 3340

",BUY,3365,"3375,3380,3390,3395,3405,3410,3420,3425",3340,TCS.NS,3340,3349,3360,3317.75,0,Technology
2022-11-17,08:34:51,"

JKCEM BELOW 2915
TARGETS 2905, 2892, 2882, 2872 SL
2940

",SELL,2915,"2905,2892,2882,2872",2940,JKCEMENT.NS,2928,2936.30004882812,2957.89990234375,2893.39990234375,0.343053173241852,Basic Materials
2022-11-17,08:33:01,"

MFSL BELOW 650
TARGETS 644, 638, 632, 626 SL 660

",SELL,650,644638632626,660,MFSL.NS,651,650.049987792969,653.900024414063,640.349975585938,0.923076923076923,Financial Services
2022-11-17,08:32:08,"

KOTAK BANK ABOVE 1970
TARGETS 1978-1982, 1988-1992, 1998-2002,
2008-2012 SL 1950

",BUY,1970,"1978,1982,1988,1992,1998,2002,2008,2012",1950,KOTAKBKETF.NS,431.720001220703,431.230010986328,433,430.010009765625,0,
2022-11-17,08:30:52,"

HINDUNILVR ABOVE 2485
TARGETS 2495-2500, 2508-2512, 2518-2522,
2530-2535 SL 2465

",BUY,2485,"2495,2500,2508,2512,2518,2522,2530,2535",2465,HINDUNILVR.NS,2479.94995117187,2460,2498,2454.25,0.402414486921529,Consumer Defensive
2022-11-16,08:40:57,"

ULTRATECH CEM ABOVE
6975 TARGETS 6985 6990, 7010-7015,
7030-7035, 7050-7055 SL 6940

",BUY,6975,"69856990,7010,7015,7030,7035,7050,7055",6940,ULTRACEMCO.NS,6986.9501953125,6912,7035,6868.7998046875,0.50179211469534,Basic Materials
2022-11-16,08:39:11,"

DIVIS LAB ABOVE 3335
TARGETS 3345-3350, 3360-3365, 3375-3380,
3390-3395 SL 3310

",BUY,3335,"3345,3350,3360,3365,3375,3380,3390,3395",3310,DIVISLAB.NS,3327,3289.80004882813,3331.94995117187,3265,0,Healthcare
2022-11-16,08:37:44,"

APOLLO HOSPITAL ABOVE
4630 TARGETS 4638-4642, 4650-4655,
4670-4675, 4685-4690 SL 4610

",BUY,4630,"4638,4642,4650,4655,4670,4675,4685,4690",4610,APOLLOHOSP.NS,4605,4479.25,4610,4461,0,Healthcare
2022-11-16,08:35:55,"

AXIS BANK ABOVE 862
TARGETS 868-872, 878-882, 888-892,
898-902 SL 848

",BUY,862,8.68872878882889E+023,848,AXISBANK.NS,858,855.400024414062,861.599975585938,850.599975585937,0,Financial Services
2022-11-16,08:33:47,"

GAIL ABOVE 90.50
TARGETS 92.50, 95, 95, 99 SL87

",BUY,90.5,"92.50,95,95,99",87,GAIL.NS,90,90.5,91.25,89.25,0,Utilities
2022-11-16,08:32:47,"

UNITED SPIRITS ABOVE
910 TARGETS 918-922, 928-932, 938-942 SL
900

",BUY,910,9.18922928932939E+017,900,MCDOWELL-N.NS,910.150024414062,888.700012207031,913.799987792969,880.099975585937,-1.0989010989011,Consumer Defensive
2022-11-16,08:31:29,"

GUJGAS ABOVE 515
TARGETS 525-530, 538-542, 548-552 SL
505

",BUY,515,5.25530538542549E+017,505,GUJGASLTD.NS,515,504.299987792969,516.799987792969,502.25,-1.94174757281553,Utilities
2022-11-15,08:37:55,"

JKCEM ABOVE 2945
TARGETS 2955-2960, 2968-2972, 2978-2982,
2990-2995 SL 2925

",BUY,2945,"2955,2960,2968,2972,2978,2982,2990,2995",2925,JKCEMENT.NS,2950,2930.44995117187,2957.19995117188,2892.85009765625,0.33955857385399,Basic Materials
2022-11-15,08:36:18,"

LUPIN ABOVE 763
TARGETS 769, 776, 782, 788 SL 748

",BUY,763,769776782788,748,LUPIN.NS,761,753.549987792969,763.400024414063,748.299987792969,0,Healthcare
2022-11-15,08:35:03,"

GODREJPROP ABOVE 1322
TARGETS 1328-1332, 1338-1342, 1348-1352,
1358-1362 SL 1305

",BUY,1322,"1328,1332,1338,1342,1348,1352,1358,1362",1305,GODREJPROP.NS,1317.80004882813,1311.15002441406,1319.90002441406,1292.55004882813,0,Real Estate
2022-11-15,08:33:53,"

MARUTI ABOVE 9170
TARGETS 9185-9190, 9210-9215, 9235-9240,
9255-9260 SL 9140

",BUY,9170,"9185,9190,9210,9215,9235,9240,9255,9260",9140,JAYBARMARU.NS,175.600006103516,177.350006103516,178.899993896484,173.800003051758,0,Consumer Cyclical
2022-11-15,08:31:23,"

LAURUS LABS ABOVE 472
TARGETS 478-482, 488-492, 498-502 SL
460

",BUY,472,4.78482488492499E+017,460,LAURUSLABS.NS,470.899993896484,470.399993896484,474.5,464.049987792969,-0.39195044566009,Healthcare
2022-11-14,08:37:13,"

CANBK BELOW 302
TARGETS 298, 293, 289, 285 SL 310

",SELL,302,298293289285,310,CANBK.NS,302,304.200012207031,306.25,300.75,-0.728480863255381,Financial Services
2022-11-14,08:35:19,"

RELIANCE ABOVE 2640
TARGETS 2648-2652, 2660-2665, 2675-2680,
2688-2692 SL 2615

",BUY,2640,"2648,2652,2660,2665,2675,2680,2688,2692",2615,RIIL.NS,1073.44995117188,1088.09997558594,1094.69995117188,1071,0,Industrials
2022-11-14,08:34:07,"

INFY ABOVE 1572
TARGETS 1578-1582, 1588-1592, 1598-1602,
1608-1612 SL 1552

",BUY,1572,"1578,1582,1588,1592,1598,1602,1608,1612",1552,INFY.NS,1575.15002441406,1585.30004882813,1591.40002441406,1568.44995117188,0.381679389312977,Technology
2022-11-14,08:33:04,"

MPHASIS ABOVE 2036
TARGETS 2045-2050, 2058-2062, 2068-2072,
2078-2082 SL 2013

",BUY,2036,"2045,2050,2058,2062,2068,2072,2078,2082",2013,MPHASIS.NS,2048,2035.40002441406,2063,2024,0.442043222003929,Technology
2022-11-11,08:38:15,"

HAVELLS ABOVE 1234
TARGETS 1241, 1248, 1258, 1268 SL
1216

",BUY,1234,"1241,1248,1258,1268",1216,HAVELLS.NS,1232.90002441406,1236.44995117188,1245.84997558594,1227.05004882813,0.567260940032415,Industrials
2022-11-11,08:37:12,"

HEROMOTO ABOVE 2722
TARGETS 2728-2732, 2738-2742, 2748-2752,
2758-2762 SL 2692

",BUY,2722,"2728,2732,2738,2742,2748,2752,2758,2762",2692,HEROMOTOCO.NS,2726.10009765625,2668.5,2731.94995117187,2660.05004882813,0.220426157237325,Consumer Cyclical
2022-11-11,08:36:03,"

KOTAK BANK ABOVE 1915
TARGETS 1925-1930, 1938-1942, 1948-1952,
1958-1962 SL 1895

",BUY,1915,"1925,1930,1938,1942,1948,1952,1958,1962",1895,KOTAKBKETF.NS,441.170013427734,427.329986572266,441.170013427734,424.089996337891,0,
2022-11-11,08:34:16,"

HDFC BANK ABOVE 1532
TARGETS 1538-1542, 1548-1552, 1558-1562,
1568-1572 SL 1512

",BUY,1532,"1538,1542,1548,1552,1558,1562,1568,1572",1512,HDFCBANK.NS,1545,1611.15002441406,1637,1538,0,Financial Services
2022-11-10,09:08:11,"

RELIANCE BELOW 2588
TARGETS 2578, 2565, 2552, 2540 SL
2602

",SELL,2588,"2578,2565,2552,2540",2602,RIIL.NS,1088.90002441406,1069.80004882813,1090.69995117188,1065.09997558594,0,Industrials
2022-11-10,08:46:04,"

ITC ABOVE 361 TARGETS
365, 370, 375, 380 SL352

",BUY,361,365370375380,352,ITC.NS,359,356,359.899993896484,354.100006103516,0,Consumer Defensive
2022-11-10,08:45:06,"

METROPOLIS BELOW 1620
TARGETS 1612, 1602, 1592, 1582 SL
1635,

",SELL,1620,"1612,1602,1592,1582",1635,METROPOLIS.NS,1606,1615.44995117188,1673,1586,0.493827160493827,Healthcare
2022-11-10,08:43:25,"

TECHM BELOW 1024
TARGETS 1017, 1010, 1002, 993 SL
1038

",SELL,1024,"1017,1010,1002,993",1038,TECHM.NS,1015,1021.09997558594,1034,1005.25,0.68359375,Technology
2022-11-10,08:41:57,"

JKCEM BELOW 2765
TARGETS 2756, 2745, 2732, 2720 SL
2782

",SELL,2765,"2756,2745,2732,2720",2782,JKCEMENT.NS,2787,2768.60009765625,2804.35009765625,2727,0.325497287522604,Basic Materials
2022-11-10,08:40:21,"

GODREJPROP BELOW 1164
TARGETS 1157, 1148, 1140, 1132 SL
1180

",SELL,1164,"1157,1148,1140,1132",1180,GODREJPROP.NS,1165,1235.34997558594,1245,1154.25,-1.3745704467354,Real Estate
2022-11-10,08:39:19,"

ABB BELOW 3090
TARGETS 3082, 3068, 3055, 3042 SL
3110

",SELL,3090,"3082,3068,3055,3042",3110,ABB.NS,3103.89990234375,3166.89990234375,3240,3054.5,0.258899676375404,Industrials
2022-11-09,12:54:04,"

CANFIN HOMES ABOVE 542
TARGETS 548-552, 558-562, 568-572 SL
529

",BUY,542,5.48552558562569E+017,529,CANFINHOME.NS,525,534.799987792969,538.950012207031,522.25,0,Financial Services
2022-11-09,08:42:39,"

SRTRANSFIN ABOVE 1296
TARGETS 1304, 1312, 1320, 1328 SL
1282

",BUY,1296,"1304,1312,1320,1328",1282,SRTRANSFIN.NS ,,,,,0,
2022-11-09,08:41:17,"

BERGER PAINTS ABOVE
618 TARGETS 624, 630, 636, 642 SL
606

",BUY,618,624630636642,606,BERGEPAINT.NS,615.200012207031,588.700012207031,617.450012207031,578,0,Basic Materials
2022-11-09,08:40:26,"

HDFC LTD ABOVE 2512
TARGETS 2518-2522, 2530-2535, 2545-2550,
2558-2562 SL 2496

",BUY,2512,"2518,2522,2530,2535,2545,2550,2558,2562",2496,HDFC.NS,2496.10009765625,2503.5,2514.19995117187,2495.44995117187,-0.636942675159236,Financial Services
2022-11-09,08:39:19,"

BHARAT FORGE ABOVE 878
TARGETS 884, 892, 898, 906 SL 865

",BUY,878,884892898906,865,BHARATFORG.NS,876.150024414063,879,890,873,0.683371298405467,Consumer Cyclical
2022-11-09,08:38:24,"

EITHER MOTORS ABOVE
3765 TARGETS 3775-3780, 3790-3795,
3805-3810, 3820-3825 SL3735

",BUY,3765,"3775,3780,3790,3795,3805,3810,3820,3825",3735,EICHERMOT.NS,3791.94995117187,3732.94995117187,3791.94995117187,3696.30004882812,0.265604249667995,Consumer Cyclical
2022-11-09,08:36:42,"

MUTHOOT FIN ABOVE 1122
TARGETS 1128-1132, 1138-1142, 1148-1152
SL 1098

",BUY,1122,"1128,1132,1138,1142,1148,1152",1098,MUTHOOTFIN.NS,1130,1118,1141,1109.05004882813,0.53475935828877,Financial Services
2022-11-07,09:09:13,"

ABCAPITAL ABOVE 125
TARGET'S 126.50, 129, 132, 135, 138 SL
121

",BUY,125,"126.50,129,132,135,138",121,ABCAPITAL.NS,125,128.5,129.800003051758,123.150001525879,1.2,Financial Services
2022-11-07,08:39:45,"

JSW STEEL ABOVE 702
TARGET'S 708-712, 718-722, 728-732 SL
689

",BUY,702,7.08712718722729E+017,689,JSWSTEEL.NS,705.299987792969,710,715.450012207031,700,0.854700854700855,Basic Materials
2022-11-07,08:38:15,"

TCS ABOVE 3220
TARGET'S 3230-3235, 3245-3250, 3260-3265,
3275-3280 SL 3192

",BUY,3220,"3230,3235,3245,3250,3260,3265,3275,3280",3192,TCS.NS,3229,3233.69995117188,3242.80004882812,3195.10009765625,0.31055900621118,Technology
2022-11-07,08:35:15,"

SBIN ABOVE 595
TARGET'S 599, 606, 612, 618 SL 585

",BUY,595,599606612618,585,SBIN.NS,613,614.150024414063,622.700012207031,607.700012207031,0,Financial Services
2022-11-07,08:34:11,"

BAJAJ FINSERV ABOVE
1805 TARGET'S 1815-1820, 1830-1835,
1845-1850, 1858-1862 SL 1785

",BUY,1805,"1815,1820,1830,1835,1845,1850,1858,1862",1785,BAJFINANCE.NS,7248.10009765625,7190.0498046875,7250.64990234375,7111,0,Financial Services
2022-11-07,08:32:48,"

TATA STEEL ABOVE 105
TARGET'S 107, 110, 113, 115 SL 100

",BUY,105,107110113115,100,TATASTEEL.NS,105.900001525879,106.699996948242,107.449996948242,104.599998474121,1.90476190476191,Basic Materials
2022-11-07,08:31:44,"

UPL ABOVE 742 TARGET'S
748-752, 758-762, 768-772 SL 729

",BUY,742,7.48752758762769E+017,729,UPL.NS,742.549987792969,748.450012207031,749.950012207031,739.049987792969,0.808625336927224,Basic Materials
2022-11-04,09:11:36,"

PEL ABOVE 902 TARGET'S
908-912, 918-922, 928-932, 938-942 SL
890

",BUY,902,9.08912918922929E+023,890,PEL.NS,900,886.400024414063,914.700012207031,873.150024414062,0.665188470066519,Healthcare
2022-11-04,08:40:16,"

TITAN ABOVE 2770
TARGET'S 2778-2782, 2790-2795, 2805-2810,
2820-2825 SL 2750

",BUY,2770,"2778,2782,2790,2795,2805,2810,2820,2825",2750,TITAN.NS,2774.89990234375,2769.69995117188,2781.44995117187,2746.60009765625,0.288808664259928,Consumer Cyclical
2022-11-04,08:36:40,"

DR.REDDY ABOVE 4605
TARGET'S 4615-4620, 4635-4640, 4650-4655,
4670-4675 SL 4575

",BUY,4605,"4615,4620,4635,4640,4650,4655,4670,4675",4575,DRREDDY.BO,4605,4524.14990234375,4605,4507.5498046875,0,
2022-11-04,08:35:24,"

INDUSINDBK ABOVE 1152
TARGET'S 1158-1162, 1168-1172, 1178-1182,
1188-1192 SL 1132

",BUY,1152,"1158,1162,1168,1172,1178,1182,1188,1192",1132,INDUSINDBK.NS,1153.75,1152.69995117188,1158,1142.09997558594,0.0607596503363715,Financial Services
2022-11-04,08:34:23,"

CANFIN HOMES ABOVE 523
TARGET'S 528-532, 538-542, 548-552 SL
511

",BUY,523,5.28532538542549E+017,511,CANFINHOME.NS,521.150024414063,516.25,522.75,511.200012207031,0,Financial Services
2022-11-04,08:33:19,"

BIOCON ABOVE 282
TARGET'S 288-292, 298-302 SL 272

",BUY,282,288292298302,272,BIOCON.NS,280.799987792969,274,281.799987792969,273.149993896484,0,Healthcare
2022-11-04,08:32:30,"

CHOLAFIN ABOVE 762
TARGET'S 768-772, 778-782, 788-792 SL
748

",BUY,762,7.68772778782789E+017,748,CHOLAFIN.NS,762.400024414063,763.599975585938,766.799987792969,758,0.131233595800525,Financial Services
2022-11-03,08:43:06,"

APOLLO HOSPITAL BELOW
4370 TARGET'S 4358, 4342, 4325, 4310 SL
4390

",SELL,4370,"4358,4342,4325,4310",4390,APOLLOHOSP.NS,4370,4395,4425,4349.35009765625,0.274599542334096,Healthcare
2022-11-03,08:42:00,"

JSW STEEL BELOW 682
TARGET'S 676, 670, 663, 657 SL 692

",SELL,682,676670663657,692,JSWSTEEL.NS,678.700012207031,680.200012207031,688,677.950012207031,0.263927828881048,Basic Materials
2022-11-03,08:40:39,"

MARUTI BELOW 9210
TARGET'S 9195, 9175, 9150, 9125 SL
9240

",SELL,9210,"9195,9175,9150,9125",9240,JAYBARMARU.NS,186.5,184.550003051758,186.5,182.449996948242,0,Consumer Cyclical
2022-11-03,08:39:09,"

MFSL ABOVE 722
TARGET'S 728-732, 738-742, 748-752 SL
710

",BUY,722,7.28732738742749E+017,710,MFSL.NS,719.849975585938,720.200012207031,731.599975585938,711.549987792969,0.831024930747923,Financial Services
2022-11-03,08:37:34,"

DEEPAK NITRITE ABOVE
2352 TARGET'S 2358-2362, 2370-2375,
2385-2390, 2398-2402 SL 2326

",BUY,2352,"2358,2362,2370,2375,2385,2390,2398,2402",2326,DEEPAKNTR.NS,2333.89990234375,2319.30004882812,2356.60009765625,2280,-1.10544217687075,Basic Materials
2022-11-02,08:35:18,"

LAURUS LABS ABOVE 473
TARGET'S 478-482, 488-492, 498-502 SL
460

",BUY,473,4.78482488492499E+017,460,LAURUSLABS.NS,472,477.399993896484,479.700012207031,470.799987792969,1.05708245243129,Healthcare
2022-11-02,08:34:25,"

METROPOLIS ABOVE 1775
TARGET'S 1785-1790, 1798-1802, 1810-1815
SL 1753

",BUY,1775,"1785,1790,1798,1802,1810,1815",1753,METROPOLIS.NS,1770,1743,1791.19995117188,1725,0.563380281690141,Healthcare
2022-11-02,08:33:11,"

MINDTREE ABOVE 3512
TARGET'S 3520-3525, 3535-3540, 3550-3555,
3565-3570 SL 3482

",BUY,3512,"3520,3525,3535,3540,3550,3555,3565,3570",3482,MINDTREE.NS,,,,,0,
2022-11-02,08:31:31,"

PIDILITE ABOVE 2652
TARGET'S 2660-2665, 2675-2680, 2688-2692,
2698-2702 SL 2625

",BUY,2652,"2660,2665,2675,2680,2688,2692,2698,2702",2625,PIDILITIND.NS,2644.5,2634.44995117187,2649.5,2595.44995117187,0,Basic Materials
2022-11-02,08:30:03,"

BERGER PAINTS ABOVE
602 TARGET'S 608-612, 618-622, 628-632 SL
588

",BUY,602,6.08612618622629E+017,588,BERGEPAINT.NS,598.5,595.599975585938,598.900024414063,591.75,0,Basic Materials
2022-11-01,08:38:19,"

BAJAJ FINSERV ABOVE
1692 TARGET'S 1698-1702, 1708-1712,
1718-1722, 1728-1732 SL 1672

",BUY,1692,"1698,1702,1708,1712,1718,1722,1728,1732",1672,BAJFINANCE.NS,7196.9501953125,7209.5,7236,7160,0,Financial Services
2022-11-01,08:37:10,"

HDFC BANK ABOVE 1502
TARGET'S 1508-1512, 1518-1522, 1528-1532,
1538-1542 SL 1482

",BUY,1502,"1508,1512,1518,1522,1528,1532,1538,1542",1482,HDFCBANK.NS,1503.5,1513.25,1529,1498.90002441406,0.399467376830892,Financial Services
2022-11-01,08:34:39,"

HAVELLS ABOVE 1222
TARGET'S 1228-1232, 1238-1242, 1248-1252,
1258-1262 SL 1207

",BUY,1222,"1228,1232,1238,1242,1248,1252,1258,1262",1207,HAVELLS.NS,1220,1220.75,1233.75,1215,0.490998363338789,Industrials
2022-11-01,08:33:23,"

AUBANK ABOVE 592
TARGET'S 598-602, 608-612, 618-622 SL
580

",BUY,592,5.98602608612619E+017,580,AUBANK.NS,593.950012207031,613.599975585938,616.599975585938,592,0,Financial Services
2022-11-01,08:32:29,"

RAMCO CEM ABOVE 722
TARGET'S 728-732, 738-742, 748-752 SL
710

",BUY,722,7.28732738742749E+017,710,RAMCOCEM.NS,726,729.5,732.849975585938,719.650024414063,0.831024930747923,Basic Materials
2022-11-01,08:31:15,"

UPL ABOVE 732 TARGET'S
738-742, 748-752, 758-762 SL 720

",BUY,732,7.38742748752759E+017,720,UPL.NS,737.799987792969,717,739.450012207031,711.25,0.819672131147541,Basic Materials
2022-10-31,08:43:36,"

RELIANCE ABOVE 2538
TARGET'S 2548-2552, 2558-2562, 2570-2575,
2585-2590 SL 2515

",BUY,2538,"2548,2552,2558,2562,2570,2575,2585,2590",2515,RIIL.NS,1103.75,1098.09997558594,1114,1095.05004882813,0,Industrials
2022-10-31,08:41:54,"

OBEROI! REALITY ABOVE
910 TARGET'S 918-922, 928-932, 938-942,
948-952 SL 900

",BUY,910,9.18922928932939E+023,900,OBEROIRLTY.NS,907,924.650024414062,927.549987792969,906.549987792969,0.879120879120879,Real Estate
2022-10-31,08:40:44,"

GAIL ABOVE 90.25
TARGET'S 92.50, 95, 97, 99 SL 86

",BUY,90.25,"92.50,95,97,99",86,GAIL.NS,90.5500030517578,91.3000030517578,91.5,90.1999969482422,0.831024930747923,Utilities
2022-10-31,08:39:44,"

CUMMINS ABOVE 1302
TARGET'S 1308-1312, 1318-1322, 1328-1332,
1338-1342 SL 1282

",BUY,1302,"1308,1312,1318,1322,1328,1332,1338,1342",1282,CUMMINSIND.NS,1300.69995117188,1347.90002441406,1351.94995117188,1300,0.460829493087558,Industrials
2022-10-31,08:38:35,"

SIEMENS ABOVE 2930
TARGET'S 2938-2942, 2950-2955, 2965-2970,
2978-2982 SL 2905

",BUY,2930,"2938,2942,2950,2955,2965,2970,2978,2982",2905,SIEMENS.NS,2941,2925.60009765625,2960,2918,0.273037542662116,Industrials
2022-10-28,08:39:20,"

JSW STEEL ABOVE 682
TARGET'S 688-692, 698-702, 708-712 SL
669

",BUY,682,6.88692698702709E+017,669,JSWSTEEL.NS,676.599975585938,670.400024414063,678.450012207031,663.450012207031,0,Basic Materials
2022-10-28,08:38:20,"

ESCORTS ABOVE 2025
TARGET'S 2035-2040, 2048-2052, 2058-2062,
2068-2072 SL 2005

",BUY,2025,"2035,2040,2048,2052,2058,2062,2068,2072",2005,ESCORTS.NS,2025,1996.19995117188,2035,1988.25,-0.987654320987654,Industrials
2022-10-28,08:37:05,"

MGL ABOVE 872 TARGET'S.
878-882, 888-892, 898-902 SL 856

",BUY,872,8.78882888892899E+017,856,MGL.NS,868.950012207031,855.950012207031,875,851.5,-1.8348623853211,Utilities
2022-10-28,08:36:10,"

HEROMOTO ABOVE 2615
TARGET'S 2625-2630, 2638-2642, 2648-2652,
2658-2662 SL 2595

",BUY,2615,"2625,2630,2638,2642,2648,2652,2658,2662",2595,HEROMOTOCO.NS,2623.85009765625,2649.85009765625,2674.35009765625,2619,0,Consumer Cyclical
2022-10-28,08:34:47,"

ACC ABOVE 2320
TARGET'S 2328-2332, 2338-2342, 2348-2352,
2358-2362 SL 2292

",BUY,2320,"2328,2332,2338,2342,2348,2352,2358,2362",2292,ACC.NS,2315,2324.44995117187,2330,2284,-1.20689655172414,Basic Materials
2022-10-27,08:59:42,"

HINDUNILVR BELOW 2500
TARGET'S 2492, 2480, 2465, 2452 SL
2515

",SELL,2500,"2492,2480,2465,2452",2515,HINDUNILVR.NS,2494,2519,2530,2488,0.32,Consumer Defensive
2022-10-27,08:44:32,"

HAL ABOVE 2512
TARGET'S 2520-2525, 2535-2540, 2548-2552,
2558-2562 SL 2492

",BUY,2512,"2520,2525,2535,2540,2548,2552,2558,2562",2492,HAL.NS,2514.80004882812,2520.44995117188,2529.80004882812,2487.35009765625,0.318471337579618,Industrials
2022-10-27,08:41:02,"

LAL PATH LABS ABOVE
2638 TARGET'S 2648-2652, 2660-2665,
2675-2680, 2688-2692 SL 2605

",BUY,2638,"2648,2652,2660,2665,2675,2680,2688,2692",2605,LALPATHLAB.NS,2628.35009765625,2596.55004882812,2672.69995117188,2570,0.379075056861258,Healthcare
2022-10-27,08:39:51,"

TECHM ABOVE 1088
TARGET'S 1098-1102, 1108-1112, 1118-1122,
1128-1132 SL 1072

",BUY,1088,"1098,1102,1108,1112,1118,1122,1128,1132",1072,TECHM.NS,1093.30004882813,1075.84997558594,1098,1067.15002441406,0.919117647058824,Technology
2022-10-27,08:38:44,"

LARSEN ABOVE 1958
TARGET'S 1968-1972, 1978-1982, 1988-1992,
1998-2002 SL 1938

",BUY,1958,"1968,1972,1978,1982,1988,1992,1998,2002",1938,LT.NS,1952.09997558594,1964.05004882813,1971.84997558594,1949.90002441406,0.510725229826353,Industrials
2022-10-27,08:37:37,"

M&M ABOVE 1285
TARGET'S 1295-1300, 1308-1312, 1318-1322,
1328-1332 SL 1268

",BUY,1285,"1295,1300,1308,1312,1318,1322,1328,1332",1268,M&M.NS,1283.30004882813,1294.15002441406,1299.84997558594,1279.05004882813,0.778210116731518,Consumer Cyclical
2022-10-27,08:36:32,"

MARUTI ABOVE 9022
TARGET'S 9040-9045, 9065-9070, 9090-9095,
9110-9115 SL 8980

",BUY,9022,"9040,9045,9065,9070,9090,9095,9110,9115",8980,JAYBARMARU.NS,182.899993896484,189,190.5,182.850006103516,0,Consumer Cyclical
2022-10-25,12:31:28,"

SRTRANSFIN ABOVE 1242
TARGET'S 1248-1252, 1258-1262, 1268-1272,
1278-1282 SL 1224

",BUY,1242,"1248,1252,1258,1262,1268,1272,1278,1282",1224,SRTRANSFIN.NS ,,,,,0,
2022-10-25,08:58:37,"

SBIN ABOVE 572
TARGET'S 576, 581, 586, 592 SL 562

",BUY,572,576581586592,562,SBIN.NS,572.5,578.549987792969,586.200012207031,568,0.699300699300699,Financial Services
2022-10-25,08:46:27,"

INFY ABOVE 1522
TARGET'S 1528-1532, 1538-1542, 1548-1552,
1558-1562 SL 1502

",BUY,1522,"1528,1532,1538,1542,1548,1552,1558,1562",1502,INFY.NS,1528.09997558594,1526.30004882813,1532.90002441406,1521.05004882812,0.394218134034166,Technology
2022-10-25,08:45:17,"

HDFC BANK ABOVE 1463
TARGET'S 1468-1472, 1478-1482, 1488-1492,
1498-1502 SL 1444

",BUY,1463,"1468,1472,1478,1482,1488,1492,1498,1502",1444,HDFCBANK.NS,1461.09997558594,1450.90002441406,1467.80004882813,1445,-1.0799759964542,Financial Services
2022-10-21,08:34:59,"

DIVIS LAB ABOVE 3660
TARGET'S 3670-3675, 3685-3690, 3700-3705,
3715-3720 SL 3630

",BUY,3660,"3670,3675,3685,3690,3700,3705,3715,3720",3630,DIVISLAB.NS,3667,3571.39990234375,3669,3563,-0.819672131147541,Healthcare
2022-10-21,08:33:44,"

LIC HSG FIN ABOVE 421
TARGET'S 425, 430, 435, 440 SL 414

",BUY,421,425430435440,414,LICHSGFIN.NS,420.100006103516,413.700012207031,421.799987792969,410.450012207031,-1.66270783847981,Financial Services
2022-10-21,08:32:36,"

HCL TECH ABOVE 1024
TARGET'S 1031, 1038, 1046, 1054 SL
1010

",BUY,1024,"1031,1038,1046,1054",1010,HCLTECH.NS,1022.5,1027.19995117188,1029.90002441406,1011.59997558594,0.00976324081420898,Technology
2022-10-21,08:31:40,"

TCS ABOVE 3162
TARGET'S 3170-3175, 3190-3195, 3205-3210,
3218-3222 SL 3136

",BUY,3162,"3170,3175,3190,3195,3205,3210,3218,3222",3136,TCS.NS,3157.80004882812,3137.39990234375,3160.39990234375,3127,0,Technology
2022-10-21,08:30:13,"

INFOEDGE ABOVE 3985
TARGET'S 3995-4000, 4010-4015, 4030-4035,
4045-4050 SL 3955

",BUY,3985,"3995,4000,4010,4015,4030,4035,4045,4050",3955,NAUKRI.NS,3990,3822.14990234375,3997,3808.85009765625,0.250941028858218,Communication Services
2022-10-21,08:29:03,"

ADANI ENT ABOVE 3365
TARGET'S 3375-3380, 3390-3395, 3405-3410,
3420-3425 SL 3340

",BUY,3365,"3375,3380,3390,3395,3405,3410,3420,3425",3340,ADANIENT.NS,3374.89990234375,3311.89990234375,3382,3287,0.297176820208024,Energy
2022-10-21,08:27:44,"

ADANI PORTS ABOVE 822
TARGET'S 828-832, 838-842, 848-852 SL
810

",BUY,822,8.28832838842849E+017,810,ADANIPORTS.NS,824.200012207031,801.650024414063,824.200012207031,799.400024414063,-1.45985401459854,Industrials
2022-10-20,08:33:04,"

LAURUS LABS ABOVE 532
TARGET'S 538-542, 548-552, 558-562 SL
520

",BUY,532,5.38542548552559E+017,520,LAURUSLABS.NS,529.099975585938,526.200012207031,530.5,517,0,Healthcare
2022-10-20,08:32:03,"

ASTRAL BELOW 2050
TARGET'S 2042, 2028, 2018, 2005 SL
2065

",SELL,2050,"2042,2028,2018,2005",2065,ASTRAL.NS,1523.25,1530.11254882813,1547.0625,1506.75,0.390243902439024,Industrials
2022-10-20,08:30:48,"

JSW STEEL BELOW 625
TARGET'S 619, 613, 607, 601 SL 635

",SELL,625,619613607601,635,JSWSTEEL.NS,618.599975585938,628.400024414063,630,615,-0.552001953125,Basic Materials
2022-10-20,08:30:01,"

BPCL BELOW 290
TARGET'S 285, 281, 277, 272 SL 298

",SELL,290,285281277272,298,BPCL.NS,292.100006103516,297.100006103516,299,288.049987792969,-3.05172624259159,Energy
2022-10-19,09:12:40,"

ICICIBANK ABOVE 902
TARGET'S 908-912, 918-922, 928-932,
938-942 SL 890

",BUY,902,9.08912918922929E+023,890,ICICIBANKP.NS,208.699996948242,208.089996337891,209.220001220703,207,0,
2022-10-19,08:31:30,"

ADANI PORTS ABOVE 812
TARGET'S 818-822, 828-832, 838-842 SL
798

",BUY,812,8.18822828832839E+017,798,ADANIPORTS.NS,814,805.049987792969,823.450012207031,801.150024414063,0.738916256157635,Industrials
2022-10-19,08:30:27,"

TRENT ABOVE 1442
TARGET'S 1448-1452, 1458-1462, 1468-1472,
1478-1482 SL 1422

",BUY,1442,"1448,1452,1458,1462,1468,1472,1478,1482",1422,TRENT.NS,1430,1424.15002441406,1447.69995117188,1417.09997558594,-1.3869625520111,Consumer Cyclical
2022-10-19,08:29:06,"

PFC ABOVE 105 TARGET'S
107, 109, 112, 115 SL 102

",BUY,105,107109112115,102,PFC.NS,104.849998474121,104.25,105.599998474121,104,-0.761907668340774,Financial Services
2022-10-19,08:28:18,"

PVR ABOVE 1732
TARGET'S 1738-1742, 1748-1752, 1758-1762,
1768-1772 SL 1712

",BUY,1732,"1738,1742,1748,1752,1758,1762,1768,1772",1712,PVR.NS,1731.09997558594,1781.15002441406,1788.69995117188,1722.59997558594,0.346420323325635,Communication Services
2022-10-19,08:27:16,"

EICHER MOTORS ABOVE
3622 TARGET'S 3628-3632, 3638-3642,
3650-3655, 3670-3675 SL 3592

",BUY,3622,"3628,3632,3638,3642,3650,3655,3670,3675",3592,EICHERMOT.NS,3629.89990234375,3612.30004882812,3685,3600.14990234375,0.165654334621756,Consumer Cyclical
2022-10-19,08:26:01,"

TVS MOTORS ABOVE 1132
TARGET'S 1138-1142, 1148-1152, 1158-1162,
1168-1172 SL 1115

",BUY,1132,"1138,1142,1148,1152,1158,1162,1168,1172",1115,TVSMOTOR.NS,1135,1171.44995117188,1176.90002441406,1131.84997558594,0.530035335689046,Consumer Cyclical
2022-10-18,08:42:41,"

CANBK ABOVE 240
TARGET'S 244, 247, 251, 255 SL 232

",BUY,240,244247251255,232,CANBK.NS,240,250.25,251.100006103516,239.5,1.66666666666667,Financial Services
2022-10-18,08:41:49,"

DIXON TECH ABOVE 4290
TARGET'S 4300-4305, 4315-4320, 4335-4340,
4350-4355 SL 4270

",BUY,4290,"4300,4305,4315,4320,4335,4340,4350,4355",4270,DIXON.NS,4309,4295.7998046875,4321,4252.0498046875,0.233100233100233,Technology
2022-10-18,08:40:29,"

POLYCAB ABOVE 2625
TARGET'S 2635-2640, 2648-2652, 2658-2662,
2670-2675 SL 2605

",BUY,2625,"2635,2640,2648,2652,2658,2662,2670,2675",2605,POLYCAB.NS,2637,2749.05004882812,2770,2612.85009765625,0.380952380952381,Industrials
2022-10-18,08:39:13,"

INDIAN HOTEL ABOVE 320
TARGET'S 323, 328, 332, 337 SL 314

",BUY,320,323328332337,314,INDHOTEL.NS,320.200012207031,323.399993896484,326.75,316.399993896484,0.9375,Consumer Cyclical
2022-10-18,08:38:18,"

AUBANK ABOVE 619
TARGET'S 624, 630, 636, 642 SL 610

",BUY,619,624630636642,610,AUBANK.NS,618.849975585938,625.599975585938,628.75,616.450012207031,0.807754442649435,Financial Services
2022-10-18,08:37:22,"

BAJAJFINSERV ABOVE
1732 TARGET'S 1738-1742, 1748-1752,
1758-1762, 1768-1772 SL 1712

",BUY,1732,"1738,1742,1748,1752,1758,1762,1768,1772",1712,BAJAJFINSV.NS,1730,1726.25,1736.25,1712,-1.15473441108545,Financial Services
2022-10-18,08:35:51,"

BANKBARODA ABOVE 137
TARGET'S 140, 143, 146, 149 SL 132

",BUY,137,140143146149,132,BANKBARODA.NS,137.5,140.649993896484,141.75,136.75,2.18978102189781,Financial Services
2022-10-17,09:03:14,"

INDUSINDBK BELOW 1179
TARGET'S 1173, 1165, 1157, 1150 SL
1195

",SELL,1179,"1173,1165,1157,1150",1195,INDUSINDBK.NS,1178,1199.65002441406,1203.80004882813,1164,0.508905852417303,Financial Services
2022-10-17,08:33:48,"

JSW STEEL BELOW 638
TARGET'S 632, 625, 619, 613 SL 648

",SELL,638,632625619613,648,JSWSTEEL.NS,633.150024414063,631.450012207031,636.25,624,0,Basic Materials
2022-10-17,08:32:52,"

LTI ABOVE 4692
TARGET'S 4700-4705, 4720-4725, 4740-4745,
4755-4760 SL 4672

",BUY,4692,"4700,4705,4720,4725,4740,4745,4755,4760",4672,LTIM.NS,4689.9501953125,4641.85009765625,4689.9501953125,4576,0,Technology
2022-10-17,08:30:49,"

ASIAN PAINT BELOW 3178
TARGET'S 3168, 3155, 3140, 3125 SL
3198

",SELL,3178,"3168,3155,3140,3125",3198,ASIANPAINT.NS,3185.5,3197.60009765625,3218,3170.10009765625,-0.629326620516048,Basic Materials
2022-10-17,08:29:42,"

AARTI IND BELOW 777
TARGET'S 770. 764, 757, 750 SL 790

",SELL,777,"770.764,757,750",790,AARTIIND.NS,778,788.049987792969,807.900024414063,770,0.802574002574001,Basic Materials
2022-10-17,08:28:50,"

INDIACEM BELOW 230
TARGET'S 225, 221, 218, 214 SL 236

",SELL,230,225221218214,236,INDIACEM.NS,227.399993896484,233.399993896484,235.75,225.300003051758,-1.47825821586277,Basic Materials
2022-10-17,08:27:42,"

HDFC BANK ABOVE 1442
TARGET'S 1448-1452, 1458-1462, 1468-1472,
1478-1482 SL 1422

",BUY,1442,"1448,1452,1458,1462,1468,1472,1478,1482",1422,HDFCBANK.NS,1435,1446.55004882813,1457.59997558594,1427,0.416088765603329,Financial Services
2022-10-17,08:26:48,"

IGL ABOVE 390 TARGET'S
398-402, 408-410 SL 376

",BUY,390,398402408410,376,IGL.NS,386,378.25,387,374,0,Utilities
2022-10-14,10:18:02,"

LARSEN ABOVE 1935
TARGET'S 1945-1950, 1958-1962, 1968-1972,
1978-1982 SL 1915

",BUY,1935,"1945,1950,1958,1962,1968,1972,1978,1982",1915,LT.NS,1900,1911.59997558594,1936.75,1898.44995117188,-1.03359173126615,Industrials
2022-10-14,09:19:14,"

HCL TECH ABOVE 1008
TARGET'S 1015, 1023, 1031, 1039 SL
995

",BUY,1008,"1015,1023,1031,1039",995,HCLTECH.NS,1005,1002.54998779297,1023,994,0.694444444444444,Technology
2022-10-14,08:39:48,"

INFY ABOVE 1425
TARGET'S 1435-1440, 1448-1452, 1458-1462,
1468-1472 SL 1405

",BUY,1425,"1435,1440,1448,1452,1458,1462,1468,1472",1405,INFY.NS,1485,1474.25,1494,1467.25,0,Technology
2022-10-14,08:38:10,"

TCS ABOVE 3110
TARGET'S 3118-3122, 3130-3135, 3145-3150,
3160-3165 SL 3085

",BUY,3110,"3118,3122,3130,3135,3145,3150,3160,3165",3085,TCS.NS,3145,3099.14990234375,3150,3071,0.257234726688103,Technology
2022-10-14,08:36:56,"

BRITANNIA ABOVE 3800
TARGET'S 3810-3815, 3825-3830, 3840-3845,
3855-3860 SL 3770

",BUY,3800,"3810,3815,3825,3830,3840,3845,3855,3860",3770,BRITANNIA.NS,3800.10009765625,3796.25,3814.89990234375,3769.25,-0.789473684210526,Consumer Defensive
2022-10-13,08:36:29,"

GODREJPROP ABOVE 1202
TARGET'S 1208-1212, 1218-1222, 1228-1232,
1238-1242 SL 1190

",BUY,1202,"1208,1212,1218,1222,1228,1232,1238,1242",1190,GODREJPROP.NS,1195,1180.80004882813,1203.09997558594,1176,-0.998336106489185,Real Estate
2022-10-13,08:35:33,"

GRASIM ABOVE 1682
TARGET'S 1688-1692, 1698-1702, 1708-1712,
1718-1722 SL 1662

",BUY,1682,"1688,1692,1698,1702,1708,1712,1718,1722",1662,GRASIM.NS,1670.19995117188,1679.75,1684.75,1640,-0.133769322235434,Basic Materials
2022-10-13,08:33:19,"

CUB ABOVE 186 TARGET'S
188, 192, 195, 198 SL 182

",BUY,186,188192195198,182,CUB.NS,185.75,182,185.899993896484,179.600006103516,0,Financial Services
2022-10-13,08:31:00,"

CHOLAFIN ABOVE 748
TARGET'S 755, 762, 768, 776 SL 736

",BUY,748,755762768776,736,CHOLAFIN.NS,746,724.650024414063,749.900024414063,723,-1.60427807486631,Financial Services
2022-10-12,08:40:35,"

INDUSINDBK BELOW 1164
TARGET'S 1157, 1150, 1142, 1132 SL
1180

",SELL,1164,"1157,1150,1142,1132",1180,INDUSINDBK.NS,1175.05004882813,1189.05004882813,1192.09997558594,1156.09997558594,-1.3745704467354,Financial Services
2022-10-12,08:39:28,"

JSW STEEL BELOW 638
TARGET'S 632, 625, 619, 613 SL 648

",SELL,638,632625619613,648,JSWSTEEL.NS,646,651.099975585938,653.75,638.200012207031,0,Basic Materials
2022-10-12,08:38:23,"

JINDAL STEEL BELOW 425
TARGET'S 420, 415, 410, 405 SL 435

",SELL,425,420415410405,435,JINDALSTEL.NS,430.700012207031,432.549987792969,434.5,424.5,-1.88235294117647,Basic Materials
2022-10-12,08:37:27,"

EICHER MOTORS BELOW
3405 TARGET'S 3395, 3382, 3368, 3352 SL
3425

",SELL,3405,"3395,3382,3368,3352",3425,EICHERMOT.NS,3425.05004882812,3458.19995117187,3468.64990234375,3377,0.293685756240822,Consumer Cyclical
2022-10-12,08:35:00,"

ACC BELOW 2304
TARGET'S 2294, 2282, 2272, 2260 SL
2325

",SELL,2304,"2294,2282,2272,2260",2325,ACC.NS,2318,2316.80004882812,2339.39990234375,2282.10009765625,0.434027777777778,Basic Materials
2022-10-12,08:34:01,"

INDIACEM BELOW 244
TARGET'S 240, 236, 233, 229 SL 250

",SELL,244,240236233229,250,INDIACEM.NS,245,250.649993896484,251.800003051758,233.25,1.63934426229508,Basic Materials
2022-10-11,09:11:59,"

PERSISTENT SYSTEM
ABOVE 3592 TARGET'S 3598-3602, 3610-3615,
3625-3630, 3640-3645 SL 3570

",BUY,3592,"3598,3602,3610,3615,3625,3630,3640,3645",3570,PERSISTENT.NS,3590,3541.89990234375,3639.5,3517.39990234375,0.167037861915367,Technology
2022-10-11,08:40:38,"

BHARAT FORGE ABOVE 782
TARGET'S 788-792, 798-802, 808-812 SL
770

",BUY,782,7.88792798802809E+017,770,BHARATFORG.NS,784.650024414063,774.150024414063,785.900024414063,768.549987792969,-1.00383319513267,Consumer Cyclical
2022-10-11,08:39:45,"

METROPOLIS ABOVE 1562
TARGET'S 1568-1572, 1578-1582, 1588-1592,
1598-1602 SL 1542

",BUY,1562,"1568,1572,1578,1582,1588,1592,1598,1602",1542,METROPOLIS.NS,1550,1548.69995117188,1563.84997558594,1542.19995117188,-0.851475597191101,Healthcare
2022-10-11,08:38:48,"

MINDTREE ABOVE 3352
TARGET'S 3360-3365, 3375-3380, 3390-3395,
3405-3410 SL 3322

",BUY,3352,"3360,3365,3375,3380,3390,3395,3405,3410",3322,MINDTREE.NS,,,,,0,
2022-10-11,08:36:49,"

TCS ABOVE 3132
TARGET'S 3138-3142, 3148-3152, 3158-3162,
3170-3175 SL 3102

",BUY,3132,"3138,3142,3148,3152,3158,3162,3170,3175",3102,TCS.NS,3100,3069.55004882812,3145,3053.35009765625,0.191570881226054,Technology
2022-10-11,08:35:13,"

INFY ABOVE 1463
TARGET'S 1468-1472, 1478-1482, 1488-1492,
1498-1502 SL 1443

",BUY,1463,"1468,1472,1478,1482,1488,1492,1498,1502",1443,INFY.NS,1462.65002441406,1423.80004882813,1479.65002441406,1420.09997558594,0.341763499658236,Technology
2022-10-11,08:33:45,"

AXIS BANK ABOVE 782
TARGET'S 788-792, 798-802, 808-812 SL
770

",BUY,782,7.88792798802809E+017,770,AXISBANK.NS,780,785.549987792969,795.5,774.5,0.767263427109974,Financial Services
2022-10-10,08:44:02,"

POLYCAB BELOW 2600
TARGET'S 2590, 2578, 2565, 2552 SL
2625

",SELL,2600,"2590,2578,2565,2552",2625,POLYCAB.NS,2584.89990234375,2614.35009765625,2628.94995117187,2577.10009765625,0.384615384615385,Industrials
2022-10-10,08:43:01,"

INFOEDGE BELOW 3915
TARGET'S 3906, 3895, 3880, 3862 SL
3937

",SELL,3915,"3906,3895,3880,3862",3937,NAUKRI.NS,3849,3815.75,3864.14990234375,3770,0,Communication Services
2022-10-10,08:41:55,"

NMDC ABOVE 135.50
TARGET'S 137, 140, 143, 146 SL 132

",BUY,135.5,137140143146,132,NMDC.NS,133.75,136.25,136.800003051758,132.850006103516,0.55350553505535,Basic Materials
2022-10-10,08:41:05,"

CUMMINS ABOVE 1242
TARGET'S 1248-1252, 1258-1262, 1268-1272,
1278-1282 SL 1222

",BUY,1242,"1248,1252,1258,1262,1268,1272,1278,1282",1222,CUMMINSIND.NS,1214,1224.69995117188,1249.40002441406,1186,0,Industrials
2022-10-10,08:40:09,"

GRASIM ABOVE 1702
TARGET'S 1708-1712, 1718-1722, 1728-1732,
1738-1742 SL 1682

",BUY,1702,"1708,1712,1718,1722,1728,1732,1738,1742",1682,GRASIM.NS,1682,1673.94995117188,1687.94995117188,1657.19995117188,0,Basic Materials
2022-10-10,08:39:10,"

BERGER PAINTS ABOVE
632 TARGET'S 638-642, 648-652, 658-662 SL
618

",BUY,632,6.38642648652659E+017,618,BERGEPAINT.NS,621,622.75,624.700012207031,614.700012207031,0,Basic Materials
2022-10-10,08:38:15,"

AMBUJA CEM ABOVE 523
TARGET'S 528-532, 538-542, 548-552 SL
510

",BUY,523,5.28532538542549E+017,510,AMBUJACEM.NS,517,522.650024414063,537.950012207031,515.349975585938,0.956022944550669,Basic Materials
2022-10-07,09:14:54,"

MPHASIS ABOVE 2142
TARGET'S 2148-2152, 2158-2162, 2168-2172,
2180-2185 SL 2122

",BUY,2142,"2148,2152,2158,2162,2168,2172,2180,2185",2122,MPHASIS.NS,2137.80004882812,2118.44995117187,2139.80004882812,2083.5,0,Technology
2022-10-07,08:55:15,"

BEL ABOVE 105 TARGET'S
107, 110, 112, 115 SL 102

",BUY,105,107110112115,102,BEL.NS,105.199996948242,106.25,106.5,104,1.23809814453125,Industrials
2022-10-07,08:36:05,"

AIRTEL BELOW 784
TARGET'S 777, 771, 764, 757 SL 795

",SELL,784,777771764757,795,BHARTIARTL.NS,792,793.099975585938,796.799987792969,784.700012207031,0,Communication Services
2022-10-07,08:35:22,"

COLPAL BELOW 1570
TARGET'S 1562, 1552, 1542, 1532 SL
1585

",SELL,1570,"1562,1552,1542,1532",1585,COLPAL.NS,1571.5,1581.19995117188,1594.19995117188,1557,0.509554140127389,Consumer Defensive
2022-10-07,08:34:29,"

DALMIA BHARAT BELOW
1561 TARGET'S 1552, 1542, 1532, 1522 SL
1576

",SELL,1561,"1552,1542,1532,1522",1576,DALBHARAT.NS,1565.09997558594,1524.34997558594,1565.09997558594,1494.5,0.576553491351698,Basic Materials
2022-10-07,08:33:27,"

LUPIN BELOW 722
TARGET'S 716, 710, 704, 696 SL 732

",SELL,722,716710704696,732,LUPIN.NS,717.650024414063,721.200012207031,727.900024414063,713.299987792969,0.831024930747923,Healthcare
2022-10-06,11:35:30,"

TVS MOTORS ABOVE 1072
TARGET'S 1078-1082, 1088-1092, 1098-1102,
1108-1112 SL 1056

",BUY,1072,"1078,1082,1088,1092,1098,1102,1108,1112",1056,TVSMOTOR.NS,1039.75,1074.80004882813,1082.80004882813,1037.55004882813,0.764920818271922,Consumer Cyclical
2022-10-06,08:41:36,"

ADANI PORTS ABOVE 828
TARGET'S 833, 840, 846, 854 SL 818

",BUY,828,833840846854,818,ADANIPORTS.NS,832.900024414063,824.099975585938,835,822.299987792969,0.603864734299517,Industrials
2022-10-06,08:40:33,"

TCS ABOVE 3102
TARGET'S 3108-3112, 3118-3122, 3130-3135,
3145-3150 SL 3082

",BUY,3102,"3108,3112,3118,3122,3130,3135,3145,3150",3082,TCS.NS,3111,3101.94995117187,3124,3092.44995117187,0.193423597678917,Technology
2022-10-06,08:38:50,"

HEROMOTO ABOVE 2632
TARGET'S 2638-2642, 2648-2652, 2660-2665,
2675-2680 SL 2612

",BUY,2632,"2638,2642,2648,2652,2660,2665,2675,2680",2612,HEROMOTOCO.NS,2654,2646.10009765625,2663.64990234375,2630.25,0.227963525835866,Consumer Cyclical
2022-10-06,08:37:39,"

MCX ABOVE 1280
TARGET'S 1288-1292, 1298-1302, 1308-1312,
1318-1322 SL 1260

",BUY,1280,"1288,1292,1298,1302,1308,1312,1318,1322",1260,MCX.NS,1276.5,1315.75,1320.5,1276,0.625,Financial Services
2022-10-06,08:36:39,"

BAJAJ FINSERV ABOVE
1702 TARGET'S 1708-1712, 1718-1722,
1728-1732, 1738-1742 SL 1682

",BUY,1702,"1708,1712,1718,1722,1728,1732,1738,1742",1682,BAJFINANCE.NS,7550,7404.14990234375,7599,7346.89990234375,0,Financial Services
2022-10-06,08:35:30,"

INDUSINDBK ABOVE 1222
TARGET'S 1228-1232, 1238-1242, 1248-1252,
1258-1262 SL 1207

",BUY,1222,"1228,1232,1238,1242,1248,1252,1258,1262",1207,INDUSINDBK.NS,1225,1200.90002441406,1234.94995117188,1197.30004882813,0.490998363338789,Financial Services
2022-10-04,12:11:00,"

PIIND ABOVE 3092
TARGET'S 3100-3105, 3118-3122, 3130-3135,
3145-3150 SL 3072

",BUY,3092,"3100,3105,3118,3122,3130,3135,3145,3150",3072,PIIND.NS,3019.94995117187,3035.44995117187,3089.94995117187,3001.05004882812,0,Basic Materials
2022-10-04,09:13:09,"

TATA COMM ABOVE 1182
TARGET'S 1188-1192, 1198-1202, 1208-1212,
1218-1222 SL 1164

",BUY,1182,"1188,1192,1198,1202,1208,1212,1218,1222",1164,TATACOMM.NS,1179.75,1189.69995117188,1194.90002441406,1171.09997558594,0.507614213197969,Communication Services
2022-10-04,08:55:05,"

UPL BELOW 663 TARGET'S.
657, 652, 645, 638 SL 673

",SELL,663,657652645638,673,UPL.NS,678,689.950012207031,691.700012207031,674,0,Basic Materials
2022-10-04,08:40:41,"

COLPAL BELOW 1578
TARGET'S 1571, 1561, 1552, 1542 SL
1590

",SELL,1578,"1571,1561,1552,1542",1590,COLPAL.NS,1597,1600.59997558594,1625,1583.80004882813,0,Consumer Defensive
2022-10-04,08:39:51,"

ICICIPRU BELOW 506
TARGET'S 501, 495, 490, 485 SL515

",SELL,506,501495490485,515,ICICIPRULI.NS,513.900024414063,526.900024414063,528.450012207031,513.599975585938,0,Financial Services
2022-10-04,08:38:22,"

AURO PHARMA ABOVE 540.
TARGET'S 546, 551, 557, 563 SL 529

",BUY,540,546551557563,529,AUROPHARMA.NS,536,544.25,545.700012207031,533,0.925925925925926,Healthcare
2022-10-04,08:37:06,"

IPCA LABS ABOVE 938.
TARGET'S 945, 952, 960, 968 SL 925

",BUY,938,945952960968,925,IPCALAB.NS,941,932.150024414062,945,921.950012207031,-1.38592750533049,Healthcare
2022-10-03,09:56:09,"

IND HOTELS ABOVE 342
TARGET'S 346, 351, 356, 360 SL 332

",BUY,342,346351356360,332,INDHOTEL.NS,333.899993896484,336.850006103516,346.850006103516,331.149993896484,1.16959064327485,Consumer Cyclical
2022-10-03,08:43:35,"

GRANULES ABOVE 352
TARGET'S 358-362, 368-372, 378-382 SL
340

",BUY,352,3.58362368372378E+017,340,GRANULES.NS,348,347.75,358,345.25,1.70454545454545,Healthcare
2022-10-03,08:40:41,"

LAL PATH LAB ABOVE
2512 TARGET'S 2502, 2490, 2478, 2465 SL
2532

",BUY,2512,"2502,2490,2478,2465",2532,LALPATHLAB.NS,2512,2391.89990234375,2528.94995117187,2377.05004882813,-1.87101910828025,Healthcare
2022-10-03,08:39:19,"

HAL ABOVE 2352
TARGET'S 2360-2365, 2375-2380, 2388-2392,
2398-2402 SL 2325

",BUY,2352,"2360,2365,2375,2380,2388,2392,2398,2402",2325,HAL.NS,2354.85009765625,2291.60009765625,2378.60009765625,2276,0.340136054421769,Industrials
2022-10-03,08:37:46,"

JK CEM ABOVE 2642
TARGET'S 2648-2652, 2660-2665, 2675-2680,
2688-2692 SL 2622

",BUY,2642,"2648,2652,2660,2665,2675,2680,2688,2692",2622,JKCEMENT.NS,2596.5,2548.94995117187,2653.89990234375,2526.85009765625,0.227100681302044,Basic Materials
2022-10-03,08:36:13,"

JUBILANT FOOD ABOVE
625 TARGET'S 630, 636, 642, 648 SL
612

",BUY,625,630636642648,612,JUBLFOOD.NS,623.5,614.950012207031,627.5,612.200012207031,-1.607998046875,Consumer Cyclical
2022-10-03,08:35:24,"

INDUSINDBK ABOVE 1192
TARGET'S 1198-1202, 1208-1212, 1218-1222,
1228-1232 SL 1172

",BUY,1192,"1198,1202,1208,1212,1218,1222,1228,1232",1172,INDUSINDBK.NS,1178,1156.25,1185.90002441406,1153.05004882813,0,Financial Services
2022-10-03,08:33:17,"

INDIACEM ABOVE 272
TARGET'S 278-282, 288-292, 298-302 SL
260

",BUY,272,2.78282288292298E+017,260,INDIACEM.NS,269.899993896484,253.600006103516,274.399993896484,250.100006103516,-4.41176470588235,Basic Materials
